{"stats":{"minecraft:picked_up":{"minecraft:cobblestone":1},"minecraft:mined":{"minecraft:cobblestone":1,"minecraft:tall_grass":1,"minecraft:grass_block":2,"minecraft:mossy_cobblestone":1},"minecraft:custom":{"minecraft:jump":104,"minecraft:open_chest":1,"minecraft:time_since_rest":35,"minecraft:crouch_one_cm":226,"minecraft:sprint_one_cm":16236,"minecraft:play_time":5334,"minecraft:damage_taken":225,"minecraft:time_since_death":15,"minecraft:walk_one_cm":3139,"minecraft:sneak_time":105,"minecraft:total_world_time":5334,"minecraft:leave_game":1,"minecraft:drop":1,"minecraft:fall_one_cm":5614,"minecraft:fly_one_cm":31693,"minecraft:deaths":1},"minecraft:dropped":{"minecraft:cobblestone":1},"minecraft:used":{"minecraft:iron_pickaxe":2,"minecraft:iron_chestplate":1}},"DataVersion":3465}